Workbook

Sheet _DV
A1: classe | B1: raridade | C1: estagio | D1: alvo | E1: categoria_habilidade | F1: tipo_item | G1: tipo_encontro | H1: periodo | I1: status
A2: Guerreiro | B2: Comum | C2: S1 | D2: Inimigo | E2: Ataque | F2: Captura | G2: Selvagem | H2: Manhã | I2: Atordoado
A3: Mago | B3: Incomum | C3: S2 | D3: Aliado | E3: Suporte | F3: Cura | G3: Treinador | H3: Tarde | I3: Enraizado
A4: Curandeiro | B4: Raro | C4: S3 | D4: Self | E4: Controle | F4: Buff | G4: Boss | H4: Noite | I4: Envenenado
A5: Bárbaro | B5: Místico | D5: Área | E5: Cura | F5: Reviver | H5: Qualquer | I5: Queimando
A6: Ladino | B6: Lendário | F6: Chave | I6: Congelado
A7: Bardo | F7: Lendário | I7: Fortalecido
A8: Caçador | I8: Protegido
A9: Animalista | I9: Acelerado

Sheet README
A1: Monstrinhosmon — Planilha de Dados (v3)
A3: Objetivo: este arquivo é a fonte de verdade (single source of truth) para os dados do jogo. Ideal para exportar para CSV/JSON e versionar no GitHub.
A4: Correção de lógica aplicada: NÃO existe “tipo por elemento”. O tipo do monstrinho é CLASSE (Guerreiro, Mago, Curandeiro etc.).
A5: Regra central: o Jogador tem CLASSE. Qualquer jogador pode CAPTURAR monstrinhos de qualquer classe, mas em BATALHA só pode USAR monstrinhos da própria classe (incentiva trocas). O Mestre pode sobrescrever via MASTER_CONTROLS (debug_allow_cross_class_battle).
A6: Captura: sem d20. A captura é automática comparando HP% com limite por raridade + bônus do item (veja RULES e CAPTURE_TABLE).
A8: Aba TEST_SCENARIO tem um primeiro teste completo: Quest + Combate + Captura.
A10: Atenção: alguns IDs de evolução estão como placeholder (porque as formas S2/S3 ainda não foram cadastradas). Você pode preencher depois seguindo o padrão MON_XXXB, MON_XXXC etc.

Sheet CONFIG
A1: key | B1: value | C1: type | D1: description
A2: max_level | B2: 100 | C2: int | D2: Nível máximo do monstrinho
A3: xp_base | B3: 60 | C3: int | D3: XP base para o nível 1→2 (modelo padrão)
A4: xp_growth | B4: 1.15 | C4: float | D4: Multiplicador de crescimento do XP por nível (modelo padrão)
A5: capture_base_rate | B5: 0.35 | C5: float | D5: Chance base de captura antes de modificadores
A6: capture_hp_bonus_max | B6: 0.25 | C6: float | D6: Bônus máximo por HP baixo (ex.: +0.25 quando HP% muito baixo)
A7: master_xp_multiplier | B7: 1 | C7: float | D7: Multiplicador global de XP (ajuste rápido do Mestre)
A8: master_enemy_stat_multiplier | B8: 1 | C8: float | D8: Multiplicador global de stats inimigos (ajuste rápido do Mestre)
A9: master_capture_multiplier | B9: 1 | C9: float | D9: Multiplicador global de captura (ajuste rápido do Mestre)
A10: starter_evo_levels | B10: 12;25;45 | C10: text | D10: Níveis de evolução automáticos para iniciais (se tiverem 3 evoluções)
A11: nonstarter_evo_levels | B11: 15;30 | C11: text | D11: Níveis de evolução automáticos para não-iniciais (S1→S2; S2→S3)
A12: capture_model | B12: threshold_no_dice | C12: text | D12: Modelo de captura sem dado: compara HP% com limite por raridade + bônus.

Sheet CLASSES
A1: class_id | B1: nome | C1: descricao_curta | D1: growth_hp | E1: growth_atk | F1: growth_def | G1: growth_spd | H1: growth_ene | I1: capture_rule | J1: capture_notes | K1: battle_deploy_rule | L1: battle_notes
A2: CLS_WAR | B2: Guerreiro | C2: Resistente, combate corpo a corpo. | D2: 6 | E2: 3 | F2: 4 | G2: 2 | H2: 2 | I2: Any | J2: Qualquer jogador pode capturar monstros de qualquer classe. | K2: SelfOnly | L2: Em batalha, só pode usar monstros da mesma classe do jogador (incentiva trocas).
A3: CLS_MAG | B3: Mago | C3: Dano mágico e controle. | D3: 4 | E3: 5 | F3: 2 | G3: 2 | H3: 5 | I3: Any | J3: Qualquer jogador pode capturar monstros de qualquer classe. | K3: SelfOnly | L3: Em batalha, só pode usar monstros da mesma classe do jogador (incentiva trocas).
A4: CLS_HEA | B4: Curandeiro | C4: Suporte e cura. | D4: 5 | E4: 2 | F4: 2 | G4: 2 | H4: 6 | I4: Any | J4: Qualquer jogador pode capturar monstros de qualquer classe. | K4: SelfOnly | L4: Em batalha, só pode usar monstros da mesma classe do jogador (incentiva trocas).
A5: CLS_BAR | B5: Bárbaro | C5: Alta força, risco/recompensa. | D5: 6 | E5: 5 | F5: 2 | G5: 2 | H5: 2 | I5: Any | J5: Qualquer jogador pode capturar monstros de qualquer classe. | K5: SelfOnly | L5: Em batalha, só pode usar monstros da mesma classe do jogador (incentiva trocas).
A6: CLS_ROG | B6: Ladino | C6: Velocidade, crítico, furtividade. | D6: 4 | E6: 4 | F6: 2 | G6: 5 | H6: 2 | I6: Any | J6: Qualquer jogador pode capturar monstros de qualquer classe. | K6: SelfOnly | L6: Em batalha, só pode usar monstros da mesma classe do jogador (incentiva trocas).
A7: CLS_BRD | B7: Bardo | C7: Alcance longo, buffs/debuffs. | D7: 4 | E7: 3 | F7: 2 | G7: 3 | H7: 4 | I7: Any | J7: Qualquer jogador pode capturar monstros de qualquer classe. | K7: SelfOnly | L7: Em batalha, só pode usar monstros da mesma classe do jogador (incentiva trocas).
A8: CLS_HUN | B8: Caçador | C8: Alcance longo, dano consistente. | D8: 5 | E8: 4 | F8: 2 | G8: 4 | H8: 3 | I8: Any | J8: Qualquer jogador pode capturar monstros de qualquer classe. | K8: SelfOnly | L8: Em batalha, só pode usar monstros da mesma classe do jogador (incentiva trocas).
A9: CLS_ANM | B9: Animalista | C9: Curto alcance, versátil. | D9: 6 | E9: 3 | F9: 3 | G9: 3 | H9: 3 | I9: Any | J9: Qualquer jogador pode capturar monstros de qualquer classe. | K9: SelfOnly | L9: Em batalha, só pode usar monstros da mesma classe do jogador (incentiva trocas).

Sheet XP_TABLE
A1: level | B1: xp_to_next | C1: xp_total
A2: 1 | B2: =ROUND(VLOOKUP("xp_base",CONFIG!A:B,2,FALSE)*POWER(VLOOKUP("xp_growth",CONFIG!A:B,2,FALSE),A2-1),0) | C2: =C1+IF(B1="",0,B1)
A3: 2 | B3: =ROUND(VLOOKUP("xp_base",CONFIG!A:B,2,FALSE)*POWER(VLOOKUP("xp_growth",CONFIG!A:B,2,FALSE),A3-1),0) | C3: =C2+IF(B2="",0,B2)
A4: 3 | B4: =ROUND(VLOOKUP("xp_base",CONFIG!A:B,2,FALSE)*POWER(VLOOKUP("xp_growth",CONFIG!A:B,2,FALSE),A4-1),0) | C4: =C3+IF(B3="",0,B3)
A5: 4 | B5: =ROUND(VLOOKUP("xp_base",CONFIG!A:B,2,FALSE)*POWER(VLOOKUP("xp_growth",CONFIG!A:B,2,FALSE),A5-1),0) | C5: =C4+IF(B4="",0,B4)
A6: 5 | B6: =ROUND(VLOOKUP("xp_base",CONFIG!A:B,2,FALSE)*POWER(VLOOKUP("xp_growth",CONFIG!A:B,2,FALSE),A6-1),0) | C6: =C5+IF(B5="",0,B5)
A7: 6 | B7: =ROUND(VLOOKUP("xp_base",CONFIG!A:B,2,FALSE)*POWER(VLOOKUP("xp_growth",CONFIG!A:B,2,FALSE),A7-1),0) | C7: =C6+IF(B6="",0,B6)
A8: 7 | B8: =ROUND(VLOOKUP("xp_base",CONFIG!A:B,2,FALSE)*POWER(VLOOKUP("xp_growth",CONFIG!A:B,2,FALSE),A8-1),0) | C8: =C7+IF(B7="",0,B7)
A9: 8 | B9: =ROUND(VLOOKUP("xp_base",CONFIG!A:B,2,FALSE)*POWER(VLOOKUP("xp_growth",CONFIG!A:B,2,FALSE),A9-1),0) | C9: =C8+IF(B8="",0,B8)
A10: 9 | B10: =ROUND(VLOOKUP("xp_base",CONFIG!A:B,2,FALSE)*POWER(VLOOKUP("xp_growth",CONFIG!A:B,2,FALSE),A10-1),0) | C10: =C9+IF(B9="",0,B9)
A11: 10 | B11: =ROUND(VLOOKUP("xp_base",CONFIG!A:B,2,FALSE)*POWER(VLOOKUP("xp_growth",CONFIG!A:B,2,FALSE),A11-1),0) | C11: =C10+IF(B10="",0,B10)
A12: 11 | B12: =ROUND(VLOOKUP("xp_base",CONFIG!A:B,2,FALSE)*POWER(VLOOKUP("xp_growth",CONFIG!A:B,2,FALSE),A12-1),0) | C12: =C11+IF(B11="",0,B11)
A13: 12 | B13: =ROUND(VLOOKUP("xp_base",CONFIG!A:B,2,FALSE)*POWER(VLOOKUP("xp_growth",CONFIG!A:B,2,FALSE),A13-1),0) | C13: =C12+IF(B12="",0,B12)
... A99: 98 | B99: =ROUND(VLOOKUP("xp_base",CONFIG!A:B,2,FALSE)*POWER(VLOOKUP("xp_growth",CONFIG!A:B,2,FALSE),A99-1),0) | C99: =C98+IF(B98="",0,B98)
A100: 99 | C100: =C99+IF(B99="",0,B99)
A101: 100

Sheet MONSTROS
A1: monster_id | B1: nome | C1: classe_principal | D1: classe_secundaria | E1: raridade | F1: estagio | G1: base_hp | H1: base_atk | I1: base_def | J1: base_spd | K1: base_ene | L1: growth_template_class | M1: evo_family_id | N1: is_starter | O1: notes | P1: sample_level | Q1: hp_at_level | R1: atk_at_level | S1: def_at_level | T1: spd_at_level | U1: ene_at_level
A2: MON_001 | B2: Cantapau | C2: Bardo | E2: Comum | F2: S1 | G2: 28 | H2: 6 | I2: 4 | J2: 5 | K2: 8 | L2: Bardo | M2: FAM_001 | N2: TRUE | O2: Inicial Bardo (final vira Bardo+Guerreiro). | P2: 10 | Q2: =G2+VLOOKUP(L2,CLASSES!B:H,3,FALSE)*(P2-1) | R2: =H2+VLOOKUP(L2,CLASSES!B:H,4,FALSE)*(P2-1) | S2: =I2+VLOOKUP(L2,CLASSES!B:H,5,FALSE)*(P2-1) | T2: =J2+VLOOKUP(L2,CLASSES!B:H,6,FALSE)*(P2-1) | U2: =K2+VLOOKUP(L2,CLASSES!B:H,7,FALSE)*(P2-1)
A3: MON_002 | B3: Pedrino | C3: Guerreiro | E3: Comum | F3: S1 | G3: 32 | H3: 7 | I3: 6 | J3: 3 | K3: 6 | L3: Guerreiro | M3: FAM_002 | N3: TRUE | O3: Inicial Guerreiro (final vira Guerreiro+Mago). | P3: 10 | Q3: =G3+VLOOKUP(L3,CLASSES!B:H,3,FALSE)*(P3-1) | R3: =H3+VLOOKUP(L3,CLASSES!B:H,4,FALSE)*(P3-1) | S3: =I3+VLOOKUP(L3,CLASSES!B:H,5,FALSE)*(P3-1) | T3: =J3+VLOOKUP(L3,CLASSES!B:H,6,FALSE)*(P3-1) | U3: =K3+VLOOKUP(L3,CLASSES!B:H,7,FALSE)*(P3-1)
A4: MON_003 | B4: Faíscari | C4: Mago | E4: Comum | F4: S1 | G4: 26 | H4: 8 | I4: 3 | J4: 4 | K4: 10 | L4: Mago | M4: FAM_003 | N4: TRUE | O4: Inicial Mago (final vira Mago+Animalista). | P4: 10 | Q4: =G4+VLOOKUP(L4,CLASSES!B:H,3,FALSE)*(P4-1) | R4: =H4+VLOOKUP(L4,CLASSES!B:H,4,FALSE)*(P4-1) | S4: =I4+VLOOKUP(L4,CLASSES!B:H,5,FALSE)*(P4-1) | T4: =J4+VLOOKUP(L4,CLASSES!B:H,6,FALSE)*(P4-1) | U4: =K4+VLOOKUP(L4,CLASSES!B:H,7,FALSE)*(P4-1)
A5: MON_004 | B5: Ninfolha | C5: Curandeiro | E5: Comum | F5: S1 | G5: 30 | H5: 4 | I5: 4 | J5: 3 | K5: 12 | L5: Curandeiro | M5: FAM_004 | N5: TRUE | O5: Inicial Curandeiro (dupla classe a definir por história). | P5: 10 | Q5: =G5+VLOOKUP(L5,CLASSES!B:H,3,FALSE)*(P5-1) | R5: =H5+VLOOKUP(L5,CLASSES!B:H,4,FALSE)*(P5-1) | S5: =I5+VLOOKUP(L5,CLASSES!B:H,5,FALSE)*(P5-1) | T5: =J5+VLOOKUP(L5,CLASSES!B:H,6,FALSE)*(P5-1) | U5: =K5+VLOOKUP(L5,CLASSES!B:H,7,FALSE)*(P5-1)
A6: MON_005 | B6: Garruncho | C6: Caçador | E6: Comum | F6: S1 | G6: 29 | H6: 7 | I6: 3 | J6: 6 | K6: 8 | L6: Caçador | M6: FAM_005 | N6: TRUE | O6: Inicial Caçador (final vira Caçador+Ladino). | P6: 10 | Q6: =G6+VLOOKUP(L6,CLASSES!B:H,3,FALSE)*(P6-1) | R6: =H6+VLOOKUP(L6,CLASSES!B:H,4,FALSE)*(P6-1) | S6: =I6+VLOOKUP(L6,CLASSES!B:H,5,FALSE)*(P6-1) | T6: =J6+VLOOKUP(L6,CLASSES!B:H,6,FALSE)*(P6-1) | U6: =K6+VLOOKUP(L6,CLASSES!B:H,7,FALSE)*(P6-1)
A7: MON_100 | B7: Rato-de-Lama | C7: Guerreiro | E7: Comum | F7: S1 | G7: 20 | H7: 5 | I7: 3 | J7: 4 | K7: 4 | L7: Guerreiro | M7: FAM_100 | N7: FALSE | O7: Monstro selvagem tutorial (para captura e combate). | P7: 5 | Q7: =G7+VLOOKUP(L7,CLASSES!B:H,3,FALSE)*(P7-1) | R7: =H7+VLOOKUP(L7,CLASSES!B:H,4,FALSE)*(P7-1) | S7: =I7+VLOOKUP(L7,CLASSES!B:H,5,FALSE)*(P7-1) | T7: =J7+VLOOKUP(L7,CLASSES!B:H,6,FALSE)*(P7-1) | U7: =K7+VLOOKUP(L7,CLASSES!B:H,7,FALSE)*(P7-1)

Sheet EVOLUCOES
A1: evo_id | B1: from_monster_id | C1: to_monster_id | D1: trigger_level | E1: auto_evolve | F1: notes
A2: EVO_001 | B2: MON_002 | C2: MON_002B | D2: 12 | E2: TRUE | F2: Pedrino S1→S2 (placeholder).
A3: EVO_002 | B3: MON_002B | C3: MON_002C | D3: 25 | E3: TRUE | F3: Pedrino S2→S3 (placeholder; S3 terá dupla classe Guerreiro+Mago).

Sheet HABILIDADES
A1: skill_id | B1: nome | C1: classe | D1: categoria | E1: poder | F1: acuracia | G1: custo_energia | H1: alvo | I1: status_aplica | J1: descricao
A2: SK_WAR_01 | B2: Golpe de Escudo | C2: Guerreiro | D2: Controle | E2: 6 | F2: 0.9 | G2: 2 | H2: Inimigo | I2: Atordoado | J2: Ataque curto com chance de atordoar.
A3: SK_WAR_02 | B3: Corte Pesado | C3: Guerreiro | D3: Ataque | E3: 9 | F3: 0.8 | G3: 3 | H3: Inimigo | J3: Dano alto, menos preciso.
A4: SK_MAG_01 | B4: Raio Místico | C4: Mago | D4: Ataque | E4: 10 | F4: 0.85 | G4: 4 | H4: Inimigo | J4: Dano mágico à distância.
A5: SK_MAG_02 | B5: Névoa Lenta | C5: Mago | D5: Controle | E5: 4 | F5: 0.9 | G5: 3 | H5: Área | I5: Enraizado | J5: Reduz ação/movimento por 1 turno.
A6: SK_HEA_01 | B6: Sopro Calmante | C6: Curandeiro | D6: Cura | E6: 0 | F6: 1 | G6: 4 | H6: Aliado | J6: Cura moderada.
A7: SK_HEA_02 | B7: Barreira Suave | C7: Curandeiro | D7: Suporte | E7: 0 | F7: 1 | G7: 3 | H7: Aliado | I7: Protegido | J7: Aumenta defesa por 2 turnos.
A8: SK_HUN_01 | B8: Flecha Rápida | C8: Caçador | D8: Ataque | E8: 8 | F8: 0.9 | G8: 2 | H8: Inimigo | J8: Dano consistente à distância.
A9: SK_BRD_01 | B9: Canção de Coragem | C9: Bardo | D9: Suporte | E9: 0 | F9: 1 | G9: 3 | H9: Área | I9: Fortalecido | J9: Buff de ataque para aliados.

Sheet ITENS
A1: item_id | B1: nome | C1: tipo_item | D1: raridade | E1: stack_max | F1: preco | G1: efeito_resumo | H1: efeito_detalhe | I1: capture_threshold_bonus | J1: notes
A2: IT_CAP_01 | B2: Orbe de Captura | C2: Captura | D2: Comum | E2: 99 | F2: 50 | G2: Tenta capturar um monstrinho. | H2: Usa taxa base de captura + bônus por HP baixo. Consumível. | I2: 0 | J2: Aumenta o limite de HP% permitido para captura (sem dado).
A3: IT_CAP_02 | B3: Orbe Reforçado | C3: Captura | D3: Incomum | E3: 99 | F3: 120 | G3: Melhor chance de captura. | H3: +0.15 na chance final (antes do limite). Consumível. | I3: 0.08 | J3: Aumenta o limite de HP% permitido para captura (sem dado).
A4: IT_HEAL_01 | B4: Petisco de Cura | C4: Cura | D4: Comum | E4: 99 | F4: 30 | G4: Cura 25% do HP. | H4: Cura instantânea, não remove status.
A5: IT_REV_01 | B5: Pena Reviva | C5: Reviver | D5: Raro | E5: 10 | F5: 300 | G5: Revive após derrota. | H5: Restaura 40% do HP do monstrinho derrotado.
A6: IT_KEY_01 | B6: Selo do Mestre | C6: Chave | D6: Lendário | E6: 1 | F6: 0 | G6: Libera captura multi-classe. | H6: Item de história: permite capturar monstros de qualquer classe quando ativo.

Sheet LOCAIS
A1: local_id | B1: nome | C1: descricao | D1: nivel_recomendado | E1: notes
A2: LOC_001 | B2: Campina Inicial | C2: Área segura para aprender captura e batalha. | D2: 1-4 | E2: Local tutorial.

Sheet DROPS
A1: drop_table_id | B1: item_id | C1: chance | D1: min_qty | E1: max_qty | F1: notes
A2: DROP_001 | B2: IT_CAP_01 | C2: 0.35 | D2: 1 | E2: 1 | F2: Orbe comum em encontro selvagem.
A3: DROP_001 | B3: IT_HEAL_01 | C3: 0.25 | D3: 1 | E3: 2 | F3: Petisco de cura.
A4: DROP_002 | B4: IT_CAP_01 | C4: 0.5 | D4: 1 | E4: 2 | F4: Treinador dá itens básicos.
A5: DROP_002 | B5: IT_HEAL_01 | C5: 0.4 | D5: 1 | E5: 2 | F5: Cura para continuar.

Sheet ENCOUNTERS
A1: encounter_id | B1: tipo_encontro | C1: local_id | D1: periodo | E1: min_level | F1: max_level | G1: monster_id_1 | H1: monster_id_2 | I1: monster_id_3 | J1: recomp_xp | K1: recomp_gold | L1: drop_table_id | M1: notes
A2: ENC_001 | B2: Selvagem | C2: LOC_001 | D2: Qualquer | E2: 1 | F2: 3 | G2: MON_100 | J2: 30 | K2: 20 | L2: DROP_001 | M2: Encontro tutorial: 1 monstro selvagem.
A3: ENC_002 | B3: Treinador | C3: LOC_001 | D3: Qualquer | E3: 2 | F3: 4 | G3: MON_100 | H3: MON_100 | J3: 60 | K3: 40 | L3: DROP_002 | M3: Treinador novato com 2 monstros.

Sheet QUESTS
A1: quest_id | B1: nome | C1: descricao | D1: local_id | E1: pre_req | F1: reward_xp | G1: reward_gold | H1: reward_item_id | I1: next_quest_id | J1: notes
A2: QST_001 | B2: O Ovo Perdido | C2: Encontre o Ovo Perdido na Campina Inicial e vença o Treinador Novato. | D2: LOC_001 | F2: 80 | G2: 60 | H2: IT_CAP_02 | I2: QST_002 | J2: Quest tutorial: ensina andar→combate→recompensa.
A3: QST_002 | B3: Primeira Captura | C3: Capture 1 monstrinho selvagem na Campina Inicial. | D3: LOC_001 | E3: QST_001 | F3: 60 | G3: 40 | H3: IT_HEAL_01 | J3: Encaminha para loop principal.

Sheet MASTER_CONTROLS
A1: control_key | B1: value | C1: type | D1: description | E1: safe_range | F1: notes
A2: debug_allow_cross_class_battle | B2: FALSE | C2: bool | D2: Permite usar monstros de outras classes em batalha (DEBUG/plot). Captura continua livre. | E2: FALSE/TRUE | F2: Use só quando quiser quebrar a regra de troca entre jogadores.
A3: force_encounter_id | C3: text | D3: Se preenchido, força um encontro específico (ex.: ENC_001). | E3: ID
A4: xp_multiplier | B4: =VLOOKUP("master_xp_multiplier",CONFIG!A:B,2,FALSE) | C4: float | D4: Multiplicador global de XP. | E4: 0.2–5.0 | F4: Referência do CONFIG.
A5: enemy_stat_multiplier | B5: =VLOOKUP("master_enemy_stat_multiplier",CONFIG!A:B,2,FALSE) | C5: float | D5: Multiplicador global de stats inimigos. | E5: 0.5–3.0 | F5: Referência do CONFIG.
A6: capture_multiplier | B6: =VLOOKUP("master_capture_multiplier",CONFIG!A:B,2,FALSE) | C6: float | D6: Multiplicador global de captura. | E6: 0.2–3.0 | F6: Referência do CONFIG.

Sheet TEST_SCENARIO
A1: test_id | B1: descricao | C1: player_class | D1: starter_monster_id | E1: start_items | F1: quest_id | G1: encounter_sequence | H1: expected_outcome | I1: notes
A2: TST_001 | B2: Tutorial completo: iniciar → aceitar QST_001 → enfrentar ENC_002 → receber recompensa → tentar captura em ENC_001. | C2: Guerreiro | D2: MON_002 | E2: IT_CAP_01;IT_HEAL_01 | F2: QST_001 | G2: ENC_002 -> ENC_001 | H2: Após vencer ENC_002, jogador recebe IT_CAP_02 e tenta capturar MON_100 com IT_CAP_01. | I2: Se estiver difícil, aumente master_capture_multiplier ou reduza master_enemy_stat_multiplier.

Sheet RULES
A1: section | B1: key | C1: value_formula | D1: explanation
A2: BATALHA | B2: Acerto | C2: d20 + ATK >= DEF | D2: Use d20 físico. Se passou, acertou.
A3: BATALHA | B3: Dano_reduzido | C3: MAX(1, ATK + PODER - DEF) | D3: Dano mínimo 1. PODER é do golpe/habilidade.
A4: BATALHA | B4: Classe_em_batalha | C4: SelfOnly | D4: Jogador só pode usar monstros da sua própria classe em batalha (trocas entre jogadores).
A5: CAPTURA | B5: Sem_dado | C5: TRUE | D5: Captura não usa d20. É uma checagem automática pelo HP% e modificadores.
A6: CAPTURA | B6: HP_percent | C6: hp_atual / hp_max | D6: Calcule a porcentagem de HP atual do alvo.
A7: CAPTURA | B7: Base_threshold | C7: VLOOKUP(raridade, CAPTURE_TABLE!A:B, 2, FALSE) | D7: Limite base por raridade (aba CAPTURE_TABLE).
A8: CAPTURA | B8: Item_bonus | C8: VLOOKUP(item_id, ITENS!A:I, 9, FALSE) | D8: Bônus do item de captura (coluna capture_threshold_bonus).
A9: CAPTURA | B9: Status_bonus | C9: 0 | D9: Opcional: bônus por status (sono/paralisia). Pode virar tabela depois.
A10: CAPTURA | B10: Threshold_final | C10: MIN(0.95, (Base_threshold + Item_bonus + Status_bonus) * capture_multiplier) | D10: Aplica multiplicador do Mestre (MASTER_CONTROLS).
A11: CAPTURA | B11: Sucesso | C11: HP_percent <= Threshold_final | D11: Se verdadeiro, captura é bem-sucedida.
A12: XP | B12: XP_Recebido | C12: xp_base * xp_multiplier | D12: XP base vezes multiplicador do Mestre.

Sheet CAPTURE_TABLE
A1: raridade | B1: base_hp_threshold | C1: notes
A2: Comum | B2: 0.35 | C2: Captura garantida se HP% <= limite final.
A3: Incomum | B3: 0.3
A4: Raro | B4: 0.22
A5: Místico | B5: 0.15
A6: Lendário | B6: 0.08 | C6: Geralmente só por história; limite bem baixo.
